t1_saplings_agb_cut,t1_sasa_cut,mng_case,climate,t3_dom,min,median,mean,sd,max,n
<1 kg/m2,<2 kg/m2,CL,Current,abiesach,4.834,6.2105,6.40891935483871,0.880222529114403,8.878,124
<1 kg/m2,<2 kg/m2,CL,Current,sasa_spp,0.744,3.9115,3.8784627659574467,0.9805410281794752,5.599,376
<1 kg/m2,<2 kg/m2,CL,RCP2.6 MIROC5,abiesach,1.674,3.173,3.2584609571788414,0.757722275694017,6.265,397
<1 kg/m2,<2 kg/m2,CL,RCP2.6 MIROC5,betuerma,4.438,4.438,4.438,NA,4.438,1
<1 kg/m2,<2 kg/m2,CL,RCP2.6 MIROC5,sasa_spp,1.03,2.0575,1.9869607843137256,0.4864277936620229,3.062,102
<1 kg/m2,<2 kg/m2,CL,RCP8.5 CSIRO,abiesach,6.963,13.280999999999999,13.129754,1.5164804460891481,18.299,500
<1 kg/m2,<2 kg/m2,CL,RCP8.5 GFDL,abiesach,8.935,15.972999999999999,15.835130177514793,1.7943455137643198,21.381,338
<1 kg/m2,<2 kg/m2,CL,RCP8.5 GFDL,acermono,15.524,17.747999999999998,17.436,1.4852287365924484,19.124,6
<1 kg/m2,<2 kg/m2,CL,RCP8.5 GFDL,betuerma,17.622,18.987,19.6436,1.813161961877647,22.458,5
<1 kg/m2,<2 kg/m2,CL,RCP8.5 GFDL,fagucren,11.896,16.645,16.730754966887417,2.044695504525103,21.599,151
<1 kg/m2,<2 kg/m2,CL,RCP8.5 HadGEM2,abiesach,8.44,15.436,15.40484133611691,1.8876822209370214,22.562,479
<1 kg/m2,<2 kg/m2,CL,RCP8.5 HadGEM2,betuerma,19.587,19.587,19.587,NA,19.587,1
<1 kg/m2,<2 kg/m2,CL,RCP8.5 HadGEM2,fagucren,14.843,17.2455,17.11515,1.07032745973026,19.119,20
<1 kg/m2,<2 kg/m2,SL,Current,abiesach,4.933,15.3065,15.107231404958677,1.1770940022046579,16.755,484
<1 kg/m2,<2 kg/m2,SL,Current,larikaem,12.47,12.619,12.6304,0.08819196234477499,12.779,10
<1 kg/m2,<2 kg/m2,SL,Current,sasa_spp,1.157,4.5455000000000005,4.162333333333334,1.718253958722827,6.029,6
<1 kg/m2,<2 kg/m2,SL,RCP2.6 MIROC5,abiesach,2.325,10.92,10.746247443762782,1.706662313455918,14.737,489
<1 kg/m2,<2 kg/m2,SL,RCP2.6 MIROC5,larikaem,11.699,11.747499999999999,11.7848,0.09193814345646899,11.926,10
<1 kg/m2,<2 kg/m2,SL,RCP2.6 MIROC5,sasa_spp,3.316,3.316,3.316,NA,3.316,1
<1 kg/m2,<2 kg/m2,SL,RCP8.5 CSIRO,abiesach,5.382,11.811,11.527036734693878,1.898625080686498,15.907,490
<1 kg/m2,<2 kg/m2,SL,RCP8.5 CSIRO,larikaem,10.009,10.1805,11.288,1.562952689978526,14.103,10
<1 kg/m2,<2 kg/m2,SL,RCP8.5 GFDL,abiesach,8.192,11.198,11.172244353182752,1.5277742989333936,20.508,487
<1 kg/m2,<2 kg/m2,SL,RCP8.5 GFDL,acermono,19.547,19.547,19.547,NA,19.547,1
<1 kg/m2,<2 kg/m2,SL,RCP8.5 GFDL,fagucren,18.887,19.4085,19.4085,0.7375123727775685,19.93,2
<1 kg/m2,<2 kg/m2,SL,RCP8.5 GFDL,larikaem,13.649,14.796,14.610199999999999,0.6878416807505766,15.427,10
<1 kg/m2,<2 kg/m2,SL,RCP8.5 HadGEM2,abiesach,7.697,12.646999999999998,12.634810204081633,1.4328297450929999,18.089,490
<1 kg/m2,<2 kg/m2,SL,RCP8.5 HadGEM2,larikaem,11.37,12.846499999999999,12.5848,0.8535607509460331,13.461,10
<1 kg/m2,<3 kg/m2,CL,Current,sasa_spp,0.373,1.583,1.6682122370936903,0.7040065580810466,5.543,2615
<1 kg/m2,<3 kg/m2,CL,RCP2.6 MIROC5,abiesach,1.659,2.534,2.645514084507042,0.4843931750418973,4.521,142
<1 kg/m2,<3 kg/m2,CL,RCP2.6 MIROC5,betuerma,1,1.601,1.797157894736842,0.5811552776727725,3.247,57
<1 kg/m2,<3 kg/m2,CL,RCP2.6 MIROC5,fagucren,1.972,2.12,2.12,0.20930360723121794,2.268,2
<1 kg/m2,<3 kg/m2,CL,RCP2.6 MIROC5,sasa_spp,0.378,1.5185,1.5082431648715824,0.47129857739218145,3.14,2414
<1 kg/m2,<3 kg/m2,CL,RCP8.5 CSIRO,abiesach,2.874,8.607,8.796366031390134,2.0726861100006766,15.698,1784
<1 kg/m2,<3 kg/m2,CL,RCP8.5 CSIRO,acermono,3.679,3.679,3.679,NA,3.679,1
<1 kg/m2,<3 kg/m2,CL,RCP8.5 CSIRO,betuerma,1.875,2.9770000000000003,2.9990928571428572,0.4630304913500142,4.449,140
<1 kg/m2,<3 kg/m2,CL,RCP8.5 CSIRO,fagucren,1.305,2.914,2.993044481054366,0.6482879430423478,5.144,607
<1 kg/m2,<3 kg/m2,CL,RCP8.5 CSIRO,sasa_spp,0.794,1.953,1.9347951807228916,0.43492858284046276,3.113,83
<1 kg/m2,<3 kg/m2,CL,RCP8.5 GFDL,abiesach,8.803,18.826,18.345557723577237,2.4842724177848927,22.599,615
<1 kg/m2,<3 kg/m2,CL,RCP8.5 GFDL,acermono,15.495,18.051,18.095387096774193,1.4972159647697088,20.903,31
<1 kg/m2,<3 kg/m2,CL,RCP8.5 GFDL,betuerma,10.77,13.176,13.917042735042735,2.448577315268527,22.051,117
<1 kg/m2,<3 kg/m2,CL,RCP8.5 GFDL,fagucren,5.336,16.061,15.897663606911447,2.907948730505318,22.359,1852
<1 kg/m2,<3 kg/m2,CL,RCP8.5 HadGEM2,abiesach,5.359,17.266,17.181432584269665,3.837954034544954,24.061,1602
<1 kg/m2,<3 kg/m2,CL,RCP8.5 HadGEM2,acermono,16.286,16.286,16.286,NA,16.286,1
<1 kg/m2,<3 kg/m2,CL,RCP8.5 HadGEM2,betuerma,4.871,12.9185,13.735077669902912,3.6835888973485718,23.443,206
<1 kg/m2,<3 kg/m2,CL,RCP8.5 HadGEM2,fagucren,2.335,10.5975,10.883651364764267,4.9332672530589425,23.579,806
<1 kg/m2,<3 kg/m2,SL,Current,abiesach,5.584,15.048,13.580513513513514,3.444444769903303,17.106,185
<1 kg/m2,<3 kg/m2,SL,Current,sasa_spp,0.352,2.217,2.362479423868313,1.071757171054022,6.486,2430
<1 kg/m2,<3 kg/m2,SL,RCP2.6 MIROC5,abiesach,1.822,3.9720000000000004,5.960474576271187,3.635733853471686,14.999,472
<1 kg/m2,<3 kg/m2,SL,RCP2.6 MIROC5,acermono,2.729,3.048,3.0772,0.27716186606385806,3.452,5
<1 kg/m2,<3 kg/m2,SL,RCP2.6 MIROC5,betuerma,1.055,2.313,2.3994,0.8829308175454227,4.098,15
<1 kg/m2,<3 kg/m2,SL,RCP2.6 MIROC5,fagucren,1.523,2.435,2.513829679595278,0.6531045943374313,4.995,593
<1 kg/m2,<3 kg/m2,SL,RCP2.6 MIROC5,sasa_spp,0.407,2.0214999999999996,2.0003745098039216,0.6578430429816825,3.945,1530
<1 kg/m2,<3 kg/m2,SL,RCP8.5 CSIRO,abiesach,3.532,9.634,9.86152,2.3552518056950915,17.427,1775
<1 kg/m2,<3 kg/m2,SL,RCP8.5 CSIRO,acermono,4.609,4.763,4.9498,0.5121549570198457,5.856,5
<1 kg/m2,<3 kg/m2,SL,RCP8.5 CSIRO,betuerma,2.717,3.0735,3.012,0.25121385312120026,3.378,6
<1 kg/m2,<3 kg/m2,SL,RCP8.5 CSIRO,fagucren,1.381,3.5755,3.612658415841584,0.8596358669204794,8.697,808
<1 kg/m2,<3 kg/m2,SL,RCP8.5 CSIRO,sasa_spp,1.358,1.928,1.8846666666666667,0.2217909676549821,2.226,21
<1 kg/m2,<3 kg/m2,SL,RCP8.5 GFDL,abiesach,9.331,17.704,16.81184854368932,4.102113252525999,23.737,515
<1 kg/m2,<3 kg/m2,SL,RCP8.5 GFDL,acermono,16.367,19.919,19.680809523809526,1.6424098212876925,23.278,105
<1 kg/m2,<3 kg/m2,SL,RCP8.5 GFDL,betuerma,8.796,14.1695,14.174041666666668,2.92561093551663,20.361,24
<1 kg/m2,<3 kg/m2,SL,RCP8.5 GFDL,fagucren,5.152,16.608,16.591383054287164,3.257558428427071,24.011,1971
<1 kg/m2,<3 kg/m2,SL,RCP8.5 HadGEM2,abiesach,6.6,16.67,16.750057287889774,4.4123818282218,24.375,1379
<1 kg/m2,<3 kg/m2,SL,RCP8.5 HadGEM2,acermono,10.648,20.349,19.74688888888889,3.7265825519287605,23.591,18
<1 kg/m2,<3 kg/m2,SL,RCP8.5 HadGEM2,betuerma,8.069,11.86,12.842641025641026,3.108142095979352,23.759,39
<1 kg/m2,<3 kg/m2,SL,RCP8.5 HadGEM2,fagucren,3.001,12.637,12.223279898218829,5.673513120820009,25.044,1179
<1 kg/m2,<5 kg/m2,CL,Current,sasa_spp,0.651,1.5,1.5160883720930232,0.40989690788965594,3.219,645
<1 kg/m2,<5 kg/m2,CL,RCP2.6 MIROC5,abiesach,2.111,2.241,2.2923333333333336,0.2117199408023091,2.525,3
<1 kg/m2,<5 kg/m2,CL,RCP2.6 MIROC5,betuerma,1.335,1.512,1.8234285714285714,0.5140229752137729,2.594,7
<1 kg/m2,<5 kg/m2,CL,RCP2.6 MIROC5,fagucren,2.335,2.335,2.335,NA,2.335,1
<1 kg/m2,<5 kg/m2,CL,RCP2.6 MIROC5,sasa_spp,0.787,1.4505,1.4642082018927445,0.3681279752865121,2.616,634
<1 kg/m2,<5 kg/m2,CL,RCP8.5 CSIRO,abiesach,3.27,8.2655,8.129980676328502,1.6896154338770901,13.103,414
<1 kg/m2,<5 kg/m2,CL,RCP8.5 CSIRO,betuerma,2.36,3.101,3.361825,0.7633621611676624,5.573,40
<1 kg/m2,<5 kg/m2,CL,RCP8.5 CSIRO,fagucren,2.298,3.1825,3.2795,0.5720612622082518,5.684,172
<1 kg/m2,<5 kg/m2,CL,RCP8.5 CSIRO,sasa_spp,1.429,2.162,2.148052631578947,0.3495540768344419,2.792,19
<1 kg/m2,<5 kg/m2,CL,RCP8.5 GFDL,abiesach,16.042,19.512,19.174474747474747,1.571459956462132,22.162,99
<1 kg/m2,<5 kg/m2,CL,RCP8.5 GFDL,acermono,17.309,18.071,18.016,0.6339008860487049,18.703,7
<1 kg/m2,<5 kg/m2,CL,RCP8.5 GFDL,betuerma,12.118,14.3245,15.2515,2.8652487264993036,21.813,18
<1 kg/m2,<5 kg/m2,CL,RCP8.5 GFDL,fagucren,9.111,16.38,16.467737044145874,2.266690906015541,22.351,521
<1 kg/m2,<5 kg/m2,CL,RCP8.5 HadGEM2,abiesach,6.813,17.027,17.14628908554572,3.6710734276841386,23.912,339
<1 kg/m2,<5 kg/m2,CL,RCP8.5 HadGEM2,acermono,15.289,15.289,15.289,NA,15.289,1
<1 kg/m2,<5 kg/m2,CL,RCP8.5 HadGEM2,betuerma,7.244,13.353,13.987403225806451,4.3339936319700145,22.284,62
<1 kg/m2,<5 kg/m2,CL,RCP8.5 HadGEM2,fagucren,3.831,10.837,11.483946502057613,4.692826874671443,22.983,243
<1 kg/m2,<5 kg/m2,SL,Current,abiesach,6.374,15.148,13.953166666666666,3.411938713968759,16.35,12
<1 kg/m2,<5 kg/m2,SL,Current,sasa_spp,0.621,2.064,2.1872827804107424,0.8747316481648059,5.906,633
<1 kg/m2,<5 kg/m2,SL,RCP2.6 MIROC5,abiesach,2.154,3.192,4.255942028985507,2.6016053012801086,11.895,69
<1 kg/m2,<5 kg/m2,SL,RCP2.6 MIROC5,acermono,2.991,3.205,3.2073333333333336,0.217509386770625,3.426,3
<1 kg/m2,<5 kg/m2,SL,RCP2.6 MIROC5,betuerma,2.82,2.82,2.82,NA,2.82,1
<1 kg/m2,<5 kg/m2,SL,RCP2.6 MIROC5,fagucren,1.497,2.51,2.4962857142857144,0.4891319473947027,3.514,84
<1 kg/m2,<5 kg/m2,SL,RCP2.6 MIROC5,sasa_spp,0.721,1.9264999999999999,1.9465717213114755,0.5557863022211517,3.506,488
<1 kg/m2,<5 kg/m2,SL,RCP8.5 CSIRO,abiesach,3.626,9.094,9.308044444444445,2.150283052516713,15.419,405
<1 kg/m2,<5 kg/m2,SL,RCP8.5 CSIRO,acermono,5.509,5.509,5.509,NA,5.509,1
<1 kg/m2,<5 kg/m2,SL,RCP8.5 CSIRO,betuerma,4.802,4.802,4.802,NA,4.802,1
<1 kg/m2,<5 kg/m2,SL,RCP8.5 CSIRO,fagucren,2.248,3.621,3.7637510917030568,0.8609320194759228,7.764,229
<1 kg/m2,<5 kg/m2,SL,RCP8.5 CSIRO,sasa_spp,1.704,1.986,2.033333333333333,0.31845564840335305,2.81,9
<1 kg/m2,<5 kg/m2,SL,RCP8.5 GFDL,abiesach,9.323,18.168,17.58853409090909,3.0583767911304847,22.91,88
<1 kg/m2,<5 kg/m2,SL,RCP8.5 GFDL,acermono,15.428,19.1665,19.332076923076922,1.3973447369372216,21.606,26
<1 kg/m2,<5 kg/m2,SL,RCP8.5 GFDL,betuerma,14.346,14.6765,14.6765,0.4673975823643076,15.007,2
<1 kg/m2,<5 kg/m2,SL,RCP8.5 GFDL,fagucren,7.602,16.343,16.538599243856332,3.043621928124954,23.952,529
<1 kg/m2,<5 kg/m2,SL,RCP8.5 HadGEM2,abiesach,8.144,16.238,16.66982154882155,4.048115173498953,23.721,297
<1 kg/m2,<5 kg/m2,SL,RCP8.5 HadGEM2,acermono,16.785,20.79,19.963333333333335,2.8561789743174946,22.315,3
<1 kg/m2,<5 kg/m2,SL,RCP8.5 HadGEM2,betuerma,7.906,13.064499999999999,14.155666666666667,5.136295033062905,20.584,6
<1 kg/m2,<5 kg/m2,SL,RCP8.5 HadGEM2,fagucren,3.479,10.432,11.554772861356932,5.498787636554447,23.884,339
<2 kg/m2,<2 kg/m2,CL,Current,abiesach,6.17,7.817,8.183275242047026,1.3536593720744636,12.544,723
<2 kg/m2,<2 kg/m2,CL,Current,betuerma,10.682,15.8335,15.231913043478261,1.6480542308510622,17.312,46
<2 kg/m2,<2 kg/m2,CL,Current,crypjapo,7.648,10.582,10.237255319148936,0.9091367732775082,11.103,47
<2 kg/m2,<2 kg/m2,CL,Current,sasa_spp,1.965,5.606,5.349279583875163,1.0497159281462738,7.144,769
<2 kg/m2,<2 kg/m2,CL,RCP2.6 MIROC5,abiesach,3.284,5.2965,5.503495584988962,1.0206561926115951,10.453,906
<2 kg/m2,<2 kg/m2,CL,RCP2.6 MIROC5,betuerma,2.698,4.189,5.442263157894737,3.0939840080661885,15.618,494
<2 kg/m2,<2 kg/m2,CL,RCP2.6 MIROC5,crypjapo,3.901,9.5845,9.128756097560975,1.5588936529663135,10.884,82
<2 kg/m2,<2 kg/m2,CL,RCP2.6 MIROC5,sasa_spp,1.595,2.888,2.827252427184466,0.4593846634239644,3.795,103
<2 kg/m2,<2 kg/m2,CL,RCP8.5 CSIRO,abiesach,9.759,18.206,17.91610121716848,1.4692341730075342,20.799,1561
<2 kg/m2,<2 kg/m2,CL,RCP8.5 CSIRO,betuerma,13.114,15.197,15.114428571428572,1.3670064269887583,17.918,14
<2 kg/m2,<2 kg/m2,CL,RCP8.5 CSIRO,crypjapo,11.535,12.7635,12.7661,0.5180507160929751,13.4,10
<2 kg/m2,<2 kg/m2,CL,RCP8.5 GFDL,abiesach,15.127,20.852,20.835934193548386,1.7970256180397948,27.143,775
<2 kg/m2,<2 kg/m2,CL,RCP8.5 GFDL,betuerma,15.007,19.3455,19.405402887139108,1.4488259732646882,25.555,762
<2 kg/m2,<2 kg/m2,CL,RCP8.5 GFDL,crypjapo,14.897,16.269,16.36595652173913,0.7408161027027665,17.981,23
<2 kg/m2,<2 kg/m2,CL,RCP8.5 GFDL,fagucren,14.377,17.901,17.31708,1.8704691684173786,21.104,25
<2 kg/m2,<2 kg/m2,CL,RCP8.5 HadGEM2,abiesach,15.396,21.08,20.97091952309985,1.5828432514368913,25.947,1342
<2 kg/m2,<2 kg/m2,CL,RCP8.5 HadGEM2,betuerma,15.805,19.674,19.70945777777778,1.5385499780766574,24.719,225
<2 kg/m2,<2 kg/m2,CL,RCP8.5 HadGEM2,crypjapo,14.021,16.152,15.947727272727272,0.8811935191442444,17.61,11
<2 kg/m2,<2 kg/m2,CL,RCP8.5 HadGEM2,fagucren,16.907,17.999,18.747857142857143,1.5826349788218614,21.057,7
<2 kg/m2,<2 kg/m2,SL,Current,abiesach,6.713,15.009,14.890009003215434,0.967059065124838,18.969,1555
<2 kg/m2,<2 kg/m2,SL,Current,betuerma,16.464,17.497500000000002,17.5583,0.8332538695446373,18.829,10
<2 kg/m2,<2 kg/m2,SL,Current,larikaem,12.165,12.38,12.4192,0.18731036124190098,12.705,15
<2 kg/m2,<2 kg/m2,SL,Current,sasa_spp,2.519,3.136,3.2296,0.5744765443427607,4.093,5
<2 kg/m2,<2 kg/m2,SL,RCP2.6 MIROC5,abiesach,3.489,11.129,10.867535463258786,1.4765073556903783,14.304,1565
<2 kg/m2,<2 kg/m2,SL,RCP2.6 MIROC5,fagucren,3.277,3.277,3.277,NA,3.277,1
<2 kg/m2,<2 kg/m2,SL,RCP2.6 MIROC5,larikaem,11.714,12.65,12.3728,0.448315768818618,12.801,15
<2 kg/m2,<2 kg/m2,SL,RCP2.6 MIROC5,sasa_spp,2.038,2.8209999999999997,2.6665,0.4395759320072018,2.986,4
<2 kg/m2,<2 kg/m2,SL,RCP8.5 CSIRO,abiesach,5.267,11.397,11.197033757961783,2.1450864358377997,20.905,1570
<2 kg/m2,<2 kg/m2,SL,RCP8.5 CSIRO,larikaem,10.074,11.06,11.5564,1.5854388216335744,15.549,15
<2 kg/m2,<2 kg/m2,SL,RCP8.5 GFDL,abiesach,7.706,11.146,11.363399872040947,2.2374802459202776,26.813,1563
<2 kg/m2,<2 kg/m2,SL,RCP8.5 GFDL,fagucren,16.069,17.039,17.449428571428573,1.2056533300998888,19.816,7
<2 kg/m2,<2 kg/m2,SL,RCP8.5 GFDL,larikaem,13.593,14.418,14.516666666666666,0.4347272817799794,15.423,15
<2 kg/m2,<2 kg/m2,SL,RCP8.5 HadGEM2,abiesach,7.649,12.612,12.625922831632653,2.1158315558490544,26.51,1568
<2 kg/m2,<2 kg/m2,SL,RCP8.5 HadGEM2,betuerma,14.585,14.585,14.585,NA,14.585,1
<2 kg/m2,<2 kg/m2,SL,RCP8.5 HadGEM2,fagucren,14.57,14.57,14.57,NA,14.57,1
<2 kg/m2,<2 kg/m2,SL,RCP8.5 HadGEM2,larikaem,11.364,12.811,12.548933333333334,0.6241573138087483,13.357,15
<2 kg/m2,<3 kg/m2,CL,Current,abiesach,6.003,6.9075,7.102346153846153,0.7490458433130883,8.945,26
<2 kg/m2,<3 kg/m2,CL,Current,sasa_spp,1.037,3.379,3.340306032368808,1.5001439150843408,7.532,2039
<2 kg/m2,<3 kg/m2,CL,RCP2.6 MIROC5,abiesach,2.562,4.313,4.357079254079254,0.6170615953012341,7.369,429
<2 kg/m2,<3 kg/m2,CL,RCP2.6 MIROC5,betuerma,1.405,3.266,2.9646170212765957,0.8994009569788958,4.531,658
<2 kg/m2,<3 kg/m2,CL,RCP2.6 MIROC5,crypjapo,3.476,4.862,6.683,2.9260983313013327,11.014,145
<2 kg/m2,<3 kg/m2,CL,RCP2.6 MIROC5,sasa_spp,1.002,1.837,1.944799519807923,0.5682009517223908,3.619,833
<2 kg/m2,<3 kg/m2,CL,RCP8.5 CSIRO,abiesach,3.67,15.4775,14.043624165554071,3.8752389161079224,19.97,1498
<2 kg/m2,<3 kg/m2,CL,RCP8.5 CSIRO,betuerma,2.357,4.064,4.588452525252525,2.146076707879266,16.438,495
<2 kg/m2,<3 kg/m2,CL,RCP8.5 CSIRO,crypjapo,10.396,13.396,13.031952380952381,1.1062110668884073,14.375,42
<2 kg/m2,<3 kg/m2,CL,RCP8.5 CSIRO,fagucren,3.29,3.942,4.01964,0.6378943146530363,6.251,25
<2 kg/m2,<3 kg/m2,CL,RCP8.5 CSIRO,sasa_spp,1.981,2.382,2.2634,0.1995189214084719,2.418,5
<2 kg/m2,<3 kg/m2,CL,RCP8.5 GFDL,abiesach,13.313,21.353,21.230542691751086,1.6439157033867156,25.349,691
<2 kg/m2,<3 kg/m2,CL,RCP8.5 GFDL,acermono,19.151,19.9435,19.9435,1.1207642481806783,20.736,2
<2 kg/m2,<3 kg/m2,CL,RCP8.5 GFDL,betuerma,12.363,18.258,17.928916579770593,2.2333284327768874,22.983,959
<2 kg/m2,<3 kg/m2,CL,RCP8.5 GFDL,crypjapo,15.659,18.957,18.739421875,1.0476093541387306,21.307,64
<2 kg/m2,<3 kg/m2,CL,RCP8.5 GFDL,fagucren,12.532,15.774,16.130719197707737,1.614906463681638,22.324,349
<2 kg/m2,<3 kg/m2,CL,RCP8.5 HadGEM2,abiesach,8.656,21.088,20.816240740740742,2.369184720731934,25.849,1242
<2 kg/m2,<3 kg/m2,CL,RCP8.5 HadGEM2,betuerma,5.637,13.82,14.670965763195435,3.770039823809807,24.13,701
<2 kg/m2,<3 kg/m2,CL,RCP8.5 HadGEM2,crypjapo,16.65,18.819,18.8372,1.1035641136522956,21.113,35
<2 kg/m2,<3 kg/m2,CL,RCP8.5 HadGEM2,fagucren,6.526,14.65,15.028597701149426,2.6009189183814736,22.01,87
<2 kg/m2,<3 kg/m2,SL,Current,abiesach,6.075,15.148,14.859177403369673,1.4810363653606322,17.05,1009
<2 kg/m2,<3 kg/m2,SL,Current,fagucren,3.785,5.257,5.2329,1.0782041086918561,7.072,10
<2 kg/m2,<3 kg/m2,SL,Current,larikaem,12.238,12.464500000000001,12.4567,0.15921826388814692,12.711,10
<2 kg/m2,<3 kg/m2,SL,Current,sasa_spp,0.81,2.145,2.4283793436293437,1.0678003694072387,6.955,1036
<2 kg/m2,<3 kg/m2,SL,RCP2.6 MIROC5,abiesach,2.643,11.595500000000001,10.934045539033457,2.6726715105874237,15.024,1076
<2 kg/m2,<3 kg/m2,SL,RCP2.6 MIROC5,acermono,3.003,3.003,3.003,NA,3.003,1
<2 kg/m2,<3 kg/m2,SL,RCP2.6 MIROC5,betuerma,1.884,2.713,2.632,0.4836307131134939,3.383,13
<2 kg/m2,<3 kg/m2,SL,RCP2.6 MIROC5,crypjapo,2.283,4.571,4.735342342342342,1.0609338467552192,7.052,111
<2 kg/m2,<3 kg/m2,SL,RCP2.6 MIROC5,fagucren,1.573,2.213,2.4877967914438504,0.8684897356042067,7.959,187
<2 kg/m2,<3 kg/m2,SL,RCP2.6 MIROC5,larikaem,11.765,12.2225,12.2363,0.4523030080721452,12.743,10
<2 kg/m2,<3 kg/m2,SL,RCP2.6 MIROC5,sasa_spp,0.922,1.865,1.9860839580209895,0.5713117660976429,3.887,667
<2 kg/m2,<3 kg/m2,SL,RCP8.5 CSIRO,abiesach,3.552,11.191,11.047594345825114,2.3249153573601475,19.292,1521
<2 kg/m2,<3 kg/m2,SL,RCP8.5 CSIRO,acermono,3.824,4.9025,4.9025,1.525229327019383,5.981,2
<2 kg/m2,<3 kg/m2,SL,RCP8.5 CSIRO,betuerma,3.041,3.6580000000000004,3.68025,0.4380044846476217,4.376,8
<2 kg/m2,<3 kg/m2,SL,RCP8.5 CSIRO,crypjapo,12.508,13.100999999999999,13.191928571428571,0.5406841981382499,14.368,28
<2 kg/m2,<3 kg/m2,SL,RCP8.5 CSIRO,fagucren,2.227,3.905,3.99917659137577,0.949450212163247,8.716,487
<2 kg/m2,<3 kg/m2,SL,RCP8.5 CSIRO,larikaem,9.998,11.053,11.0799,0.9325363799873976,12.661,10
<2 kg/m2,<3 kg/m2,SL,RCP8.5 CSIRO,sasa_spp,1.557,2.019,2.045888888888889,0.2397600073221368,2.409,9
<2 kg/m2,<3 kg/m2,SL,RCP8.5 GFDL,abiesach,8.02,11.5335,12.70326998223801,3.3704356255106647,26.128,1126
<2 kg/m2,<3 kg/m2,SL,RCP8.5 GFDL,acermono,18.717,21.815,21.643263157894737,1.3692047911959402,24.116,19
<2 kg/m2,<3 kg/m2,SL,RCP8.5 GFDL,betuerma,14.088,17.7835,18.701642857142858,2.9280840797092544,24.17,70
<2 kg/m2,<3 kg/m2,SL,RCP8.5 GFDL,crypjapo,17.434,18.92,19.04042857142857,0.9868735626063901,21.562,35
<2 kg/m2,<3 kg/m2,SL,RCP8.5 GFDL,fagucren,7.025,15.986,16.43939254658385,2.601609671535866,23.828,805
<2 kg/m2,<3 kg/m2,SL,RCP8.5 GFDL,larikaem,13.658,14.5025,14.480599999999999,0.5142874682509774,15.159,10
<2 kg/m2,<3 kg/m2,SL,RCP8.5 HadGEM2,abiesach,6.915,13.251,14.379547156227503,3.705963250679904,25.182,1389
<2 kg/m2,<3 kg/m2,SL,RCP8.5 HadGEM2,acermono,17.987,19.968,20.048285714285715,1.5751871544132692,21.887,7
<2 kg/m2,<3 kg/m2,SL,RCP8.5 HadGEM2,betuerma,4.244,15.2415,15.634602040816326,4.908400104134119,25.425,98
<2 kg/m2,<3 kg/m2,SL,RCP8.5 HadGEM2,crypjapo,16.121,19.585,19.70864,1.6002889030838567,22.945,25
<2 kg/m2,<3 kg/m2,SL,RCP8.5 HadGEM2,fagucren,3.822,11.4485,11.592567164179105,4.878683510485236,24.414,536
<2 kg/m2,<3 kg/m2,SL,RCP8.5 HadGEM2,larikaem,11.494,12.6395,12.604,0.579402374098615,13.396,10
<2 kg/m2,<5 kg/m2,CL,Current,sasa_spp,1.015,1.5554999999999999,1.77804,0.6333689642015573,4.219,350
<2 kg/m2,<5 kg/m2,CL,RCP2.6 MIROC5,abiesach,2.193,2.5175,2.5175,0.45891230099006936,2.842,2
<2 kg/m2,<5 kg/m2,CL,RCP2.6 MIROC5,betuerma,1.367,1.754,1.8158227848101265,0.34414925799991053,2.927,79
<2 kg/m2,<5 kg/m2,CL,RCP2.6 MIROC5,crypjapo,4.883,5.285,5.3328,0.3820476134559257,6.27,20
<2 kg/m2,<5 kg/m2,CL,RCP2.6 MIROC5,sasa_spp,0.989,1.462,1.5976586345381527,0.4263095856750708,3.454,249
<2 kg/m2,<5 kg/m2,CL,RCP8.5 CSIRO,abiesach,5.775,9.362,9.273,1.3481857716946875,12.487,49
<2 kg/m2,<5 kg/m2,CL,RCP8.5 CSIRO,betuerma,2.208,3.5380000000000003,4.203587786259542,2.0249465699217826,13.809,262
<2 kg/m2,<5 kg/m2,CL,RCP8.5 CSIRO,crypjapo,10.851,12.793,12.7501,0.5777410547258947,13.997,20
<2 kg/m2,<5 kg/m2,CL,RCP8.5 CSIRO,fagucren,3.036,3.5265,3.4981666666666666,0.1988928916601626,3.869,18
<2 kg/m2,<5 kg/m2,CL,RCP8.5 CSIRO,sasa_spp,2.024,2.024,2.024,NA,2.024,1
<2 kg/m2,<5 kg/m2,CL,RCP8.5 GFDL,abiesach,18.014,20.3245,20.764166666666668,1.5234826032561852,23.655,12
<2 kg/m2,<5 kg/m2,CL,RCP8.5 GFDL,betuerma,12.34,15.12,15.905206896551723,2.5712126596492015,22.485,203
<2 kg/m2,<5 kg/m2,CL,RCP8.5 GFDL,crypjapo,17.57,18.3675,18.33065,0.5385710406153248,19.803,20
<2 kg/m2,<5 kg/m2,CL,RCP8.5 GFDL,fagucren,12.896,15.125,15.123121739130434,0.9291521804975031,17.756,115
<2 kg/m2,<5 kg/m2,CL,RCP8.5 HadGEM2,abiesach,17.784,21.11,20.950176470588236,1.8811039871146626,24.131,34
<2 kg/m2,<5 kg/m2,CL,RCP8.5 HadGEM2,betuerma,8.903,12.9985,13.542599173553718,2.7400327194035117,23.857,242
<2 kg/m2,<5 kg/m2,CL,RCP8.5 HadGEM2,crypjapo,16.382,18.265,18.1523125,1.1942791811381457,20.043,16
<2 kg/m2,<5 kg/m2,CL,RCP8.5 HadGEM2,fagucren,12.171,13.466000000000001,13.91606896551724,1.4380337436207447,18.88,58
<2 kg/m2,<5 kg/m2,SL,Current,abiesach,6.659,14.888,13.676166666666667,3.479487629905683,15.645,6
<2 kg/m2,<5 kg/m2,SL,Current,sasa_spp,0.652,1.6195,1.8584156976744186,0.8360287626617655,5.645,344
<2 kg/m2,<5 kg/m2,SL,RCP2.6 MIROC5,abiesach,2.566,4.105,5.216909090909091,2.8190061894405085,10.694,22
<2 kg/m2,<5 kg/m2,SL,RCP2.6 MIROC5,betuerma,1.368,1.958,1.8276666666666668,0.4103295423599589,2.157,3
<2 kg/m2,<5 kg/m2,SL,RCP2.6 MIROC5,crypjapo,4.676,5.083,5.345578947368421,0.6405822278546875,6.889,19
<2 kg/m2,<5 kg/m2,SL,RCP2.6 MIROC5,fagucren,1.564,1.874,1.9269508196721312,0.2861270362519364,2.895,61
<2 kg/m2,<5 kg/m2,SL,RCP2.6 MIROC5,sasa_spp,0.676,1.505,1.631795918367347,0.5233576410783312,3.589,245
<2 kg/m2,<5 kg/m2,SL,RCP8.5 CSIRO,abiesach,5.142,9.943,10.561728813559322,2.7532310349998776,15.833,59
<2 kg/m2,<5 kg/m2,SL,RCP8.5 CSIRO,acermono,6.446,6.446,6.446,NA,6.446,1
<2 kg/m2,<5 kg/m2,SL,RCP8.5 CSIRO,betuerma,2.123,3.406,3.1066000000000003,0.703879464112997,3.706,5
<2 kg/m2,<5 kg/m2,SL,RCP8.5 CSIRO,crypjapo,10.976,12.27,12.16857894736842,0.5666422853371988,13.115,19
<2 kg/m2,<5 kg/m2,SL,RCP8.5 CSIRO,fagucren,2.109,3.638,3.718953846153846,0.8522739092536016,11.373,260
<2 kg/m2,<5 kg/m2,SL,RCP8.5 CSIRO,sasa_spp,1.436,2.2634999999999996,2.1719999999999997,0.38700594310682107,2.543,6
<2 kg/m2,<5 kg/m2,SL,RCP8.5 GFDL,abiesach,11.296,20.7135,19.061,4.199343338688857,23.804,22
<2 kg/m2,<5 kg/m2,SL,RCP8.5 GFDL,acermono,20.535,21.6845,21.61325,0.8362648603562546,22.549,4
<2 kg/m2,<5 kg/m2,SL,RCP8.5 GFDL,betuerma,9.301,16.5475,16.331833333333332,2.9153534749765715,22.654,24
<2 kg/m2,<5 kg/m2,SL,RCP8.5 GFDL,crypjapo,17.424,18.843,18.637923076923077,0.7116412323564052,19.834,13
<2 kg/m2,<5 kg/m2,SL,RCP8.5 GFDL,fagucren,9.604,14.762,14.997034843205576,1.915214955939159,22.659,287
<2 kg/m2,<5 kg/m2,SL,RCP8.5 HadGEM2,abiesach,9.73,20.5915,19.53934090909091,3.7845888778177055,23.802,44
<2 kg/m2,<5 kg/m2,SL,RCP8.5 HadGEM2,acermono,22.331,22.331,22.331,NA,22.331,1
<2 kg/m2,<5 kg/m2,SL,RCP8.5 HadGEM2,betuerma,4.053,13.959,14.119181818181818,4.845011043608156,22.841,44
<2 kg/m2,<5 kg/m2,SL,RCP8.5 HadGEM2,crypjapo,14.985,18.244500000000002,18.0704375,1.658409437533446,20.206,16
<2 kg/m2,<5 kg/m2,SL,RCP8.5 HadGEM2,fagucren,4.166,12.11,11.413481632653061,3.6503510953794986,24.43,245
<3 kg/m2,<2 kg/m2,CL,Current,abiesach,8.217,11.302,11.39136936936937,1.4821267209221405,15.357,111
<3 kg/m2,<2 kg/m2,CL,Current,betuerma,12.35,14.046,14.321942857142858,1.3466645930039225,17.544,35
<3 kg/m2,<2 kg/m2,CL,Current,crypjapo,7.829,10.185,10.153291079812206,1.015963191914803,12.308,213
<3 kg/m2,<2 kg/m2,CL,Current,sasa_spp,5.476,7.512,7.415081967213115,0.6464961277296244,8.33,61
<3 kg/m2,<2 kg/m2,CL,RCP2.6 MIROC5,abiesach,8.11,9.5755,9.736333333333333,0.945961699135797,12.238,24
<3 kg/m2,<2 kg/m2,CL,RCP2.6 MIROC5,betuerma,12.464,13.025,13.0822,0.4713222888852167,13.623,5
<3 kg/m2,<2 kg/m2,CL,RCP2.6 MIROC5,crypjapo,4.517,7.73,7.815731457800512,1.0795819665833493,11.149,391
<3 kg/m2,<2 kg/m2,CL,RCP8.5 CSIRO,abiesach,13.966,18.948,18.887440963855422,0.9705019746806145,21.141,415
<3 kg/m2,<2 kg/m2,CL,RCP8.5 CSIRO,betuerma,16.234,17.8,17.9888,1.3720279516103153,19.967,5
<3 kg/m2,<2 kg/m2,CL,RCP8.5 GFDL,abiesach,16.141,22.3475,22.155092307692307,1.3756262418639416,25.393,130
<3 kg/m2,<2 kg/m2,CL,RCP8.5 GFDL,betuerma,18.896,21.064999999999998,21.027585714285713,1.0078939822050133,24.409,280
<3 kg/m2,<2 kg/m2,CL,RCP8.5 GFDL,crypjapo,15.832,21.1845,19.6569,2.928648738468534,22.597,10
<3 kg/m2,<2 kg/m2,CL,RCP8.5 HadGEM2,abiesach,15.359,22.159,22.074925531914893,1.1478508125070304,24.295,376
<3 kg/m2,<2 kg/m2,CL,RCP8.5 HadGEM2,betuerma,18.783,20.682,20.915395348837208,1.1818972266079508,24.27,43
<3 kg/m2,<2 kg/m2,CL,RCP8.5 HadGEM2,crypjapo,21.613,21.613,21.613,NA,21.613,1
<3 kg/m2,<2 kg/m2,SL,Current,abiesach,11.729,14.646,14.518780952380952,0.7997073298893818,16.379,420
<3 kg/m2,<2 kg/m2,SL,RCP2.6 MIROC5,abiesach,6.232,10.796,10.600795238095237,1.4898605374261233,13.875,420
<3 kg/m2,<2 kg/m2,SL,RCP8.5 CSIRO,abiesach,4.951,11.3925,10.985285714285714,1.9582638490307505,14.768,420
<3 kg/m2,<2 kg/m2,SL,RCP8.5 GFDL,abiesach,7.125,10.510000000000002,10.33604761904762,1.3171328330411425,15.202,420
<3 kg/m2,<2 kg/m2,SL,RCP8.5 HadGEM2,abiesach,6.611,12.126999999999999,11.935119047619049,1.4387270063085869,14.885,420
<3 kg/m2,<3 kg/m2,CL,Current,abiesach,8.719,10.056000000000001,10.16920588235294,0.6128715708764698,11.409,34
<3 kg/m2,<3 kg/m2,CL,Current,crypjapo,7.618,9.01,9.02352,0.6136224490678286,10.136,25
<3 kg/m2,<3 kg/m2,CL,Current,sasa_spp,2.386,7.134,6.1113278688524595,1.9534277541568776,8.265,61
<3 kg/m2,<3 kg/m2,CL,RCP2.6 MIROC5,abiesach,8.356,8.356,8.440333333333333,0.14606961810497537,8.609,3
<3 kg/m2,<3 kg/m2,CL,RCP2.6 MIROC5,crypjapo,3.616,6.502,6.447711711711712,1.1420746862012086,8.321,111
<3 kg/m2,<3 kg/m2,CL,RCP2.6 MIROC5,sasa_spp,2.101,2.3725,2.4785,0.3679884509057315,3.054,6
<3 kg/m2,<3 kg/m2,CL,RCP8.5 CSIRO,abiesach,8.208,18.5,17.85689719626168,2.460267786984033,19.892,107
<3 kg/m2,<3 kg/m2,CL,RCP8.5 CSIRO,betuerma,16.054,17.040999999999997,17.040999999999997,1.395828786062245,18.028,2
<3 kg/m2,<3 kg/m2,CL,RCP8.5 CSIRO,crypjapo,9.147,10.053,10.027636363636363,0.561959299723258,10.903,11
<3 kg/m2,<3 kg/m2,CL,RCP8.5 GFDL,abiesach,20.286,22.085,22.100864864864864,0.766268380680836,23.924,37
<3 kg/m2,<3 kg/m2,CL,RCP8.5 GFDL,betuerma,16.931,20.229,20.162077922077923,1.425334501517689,24.004,77
<3 kg/m2,<3 kg/m2,CL,RCP8.5 GFDL,crypjapo,18.504,20.272,19.8948,1.031988226677029,20.803,5
<3 kg/m2,<3 kg/m2,CL,RCP8.5 GFDL,fagucren,16.887,16.887,16.887,NA,16.887,1
<3 kg/m2,<3 kg/m2,CL,RCP8.5 HadGEM2,abiesach,14.926,21.726,21.489808080808082,1.539052151168266,23.884,99
<3 kg/m2,<3 kg/m2,CL,RCP8.5 HadGEM2,betuerma,16.267,19.007,19.316235294117647,1.343753722293066,21.497,17
<3 kg/m2,<3 kg/m2,CL,RCP8.5 HadGEM2,crypjapo,17.959,18.4075,18.46725,0.5527424807267842,19.095,4
<3 kg/m2,<3 kg/m2,SL,Current,abiesach,10.114,14.5305,14.41418,0.8127763291411242,15.652,100
<3 kg/m2,<3 kg/m2,SL,Current,sasa_spp,2.323,3.3289999999999997,3.52085,0.7825248121171285,5.218,20
<3 kg/m2,<3 kg/m2,SL,RCP2.6 MIROC5,abiesach,4.728,10.766,10.47952427184466,1.6427717720344897,12.998,103
<3 kg/m2,<3 kg/m2,SL,RCP2.6 MIROC5,crypjapo,3.036,3.9905,3.8716,0.4413129904677127,4.558,10
<3 kg/m2,<3 kg/m2,SL,RCP2.6 MIROC5,fagucren,4.5,4.5,4.5,NA,4.5,1
<3 kg/m2,<3 kg/m2,SL,RCP2.6 MIROC5,sasa_spp,2.122,2.6109999999999998,2.611666666666667,0.31163675435780464,3.03,6
<3 kg/m2,<3 kg/m2,SL,RCP8.5 CSIRO,abiesach,6.476,11.261,11.069,1.8978165377904974,15.447,109
<3 kg/m2,<3 kg/m2,SL,RCP8.5 CSIRO,crypjapo,6.198,7.047499999999999,7.415,0.9426702027279269,9.025,10
<3 kg/m2,<3 kg/m2,SL,RCP8.5 CSIRO,fagucren,7.055,7.055,7.055,NA,7.055,1
<3 kg/m2,<3 kg/m2,SL,RCP8.5 GFDL,abiesach,8.068,10.568000000000001,10.573441176470588,1.7980094030169076,20.027,102
<3 kg/m2,<3 kg/m2,SL,RCP8.5 GFDL,crypjapo,18.538,18.844,19.034666666666666,0.614596886856201,19.722,3
<3 kg/m2,<3 kg/m2,SL,RCP8.5 GFDL,fagucren,14.39,18.17,17.732933333333335,1.8147603724800168,20.38,15
<3 kg/m2,<3 kg/m2,SL,RCP8.5 HadGEM2,abiesach,7.976,12.1855,12.3735,2.1479857675967424,20.221,110
<3 kg/m2,<3 kg/m2,SL,RCP8.5 HadGEM2,betuerma,17.914,17.9835,17.9835,0.09828784258492965,18.053,2
<3 kg/m2,<3 kg/m2,SL,RCP8.5 HadGEM2,crypjapo,17.506,17.5825,17.62025,0.1419961853947722,17.81,4
<3 kg/m2,<3 kg/m2,SL,RCP8.5 HadGEM2,fagucren,17.426,18.028,18.293999999999997,0.9760973312124158,19.694,4
<3 kg/m2,<5 kg/m2,CL,Current,sasa_spp,3.243,3.4955,3.4886,0.1822026954307269,3.826,10
<3 kg/m2,<5 kg/m2,CL,RCP2.6 MIROC5,crypjapo,3.522,3.9795,3.9677,0.3128915502569896,4.455,10
<3 kg/m2,<5 kg/m2,CL,RCP8.5 CSIRO,crypjapo,8.271,8.4755,8.477,0.16034338152851854,8.768,10
<3 kg/m2,<5 kg/m2,CL,RCP8.5 GFDL,betuerma,16.579,18.0335,17.86175,0.9325403923334,18.801,4
<3 kg/m2,<5 kg/m2,CL,RCP8.5 GFDL,crypjapo,17.646,18.096,18.0275,0.26767455364054726,18.272,4
<3 kg/m2,<5 kg/m2,CL,RCP8.5 GFDL,fagucren,17.235,17.3975,17.3975,0.22980970388562744,17.56,2
<3 kg/m2,<5 kg/m2,CL,RCP8.5 HadGEM2,betuerma,16.003,16.634999999999998,16.6785,0.7784062778095588,17.441,4
<3 kg/m2,<5 kg/m2,CL,RCP8.5 HadGEM2,crypjapo,16.917,16.917,16.917,NA,16.917,1
<3 kg/m2,<5 kg/m2,CL,RCP8.5 HadGEM2,fagucren,16.441,16.847,16.8686,0.48073204594659685,17.617,5
<3 kg/m2,<5 kg/m2,SL,Current,sasa_spp,2.039,2.7584999999999997,2.7229,0.35947691936417214,3.156,10
<3 kg/m2,<5 kg/m2,SL,RCP2.6 MIROC5,crypjapo,2.128,3.165,3.1072,0.5063204518879323,3.965,10
<3 kg/m2,<5 kg/m2,SL,RCP8.5 CSIRO,crypjapo,5,6.3925,6.4763,0.7517878025081279,7.558,10
<3 kg/m2,<5 kg/m2,SL,RCP8.5 GFDL,crypjapo,18.43,18.43,18.43,NA,18.43,1
<3 kg/m2,<5 kg/m2,SL,RCP8.5 GFDL,fagucren,17.361,18.229,18.10488888888889,0.49554173498415943,18.997,9
<3 kg/m2,<5 kg/m2,SL,RCP8.5 HadGEM2,betuerma,16.825,17.205,17.205,0.5374011537017772,17.585,2
<3 kg/m2,<5 kg/m2,SL,RCP8.5 HadGEM2,crypjapo,17.736,18.3085,18.41375,0.7936986728811715,19.302,4
<3 kg/m2,<5 kg/m2,SL,RCP8.5 HadGEM2,fagucren,15.877,17.3985,17.299,1.22167016825328,18.522,4
<4 kg/m2,<2 kg/m2,CL,Current,betuerma,11.729,16.707,16.171777777777777,2.0051849234208867,19.489,135
<4 kg/m2,<2 kg/m2,CL,Current,crypjapo,8.552,11.815,12.464619047619047,2.140396782823461,15.358,42
<4 kg/m2,<2 kg/m2,CL,Current,sasa_spp,6.854,7.03,7.049666666666667,0.20620459096085433,7.265,3
<4 kg/m2,<2 kg/m2,CL,RCP2.6 MIROC5,betuerma,12.537,13.561,13.66235294117647,0.6310523621530673,14.823,34
<4 kg/m2,<2 kg/m2,CL,RCP2.6 MIROC5,crypjapo,6.572,11.739,10.916767123287672,1.8390747037801596,13.81,146
<4 kg/m2,<2 kg/m2,CL,RCP8.5 CSIRO,abiesach,17.783,19.671,19.60855,0.7828277226159592,21.356,180
<4 kg/m2,<2 kg/m2,CL,RCP8.5 GFDL,abiesach,21.402,23.0055,23.00474,0.7086522076650654,24.177,50
<4 kg/m2,<2 kg/m2,CL,RCP8.5 GFDL,betuerma,19.262,21.622,21.692296875,1.0551571764797754,24.25,128
<4 kg/m2,<2 kg/m2,CL,RCP8.5 GFDL,crypjapo,22.861,22.8765,22.8765,0.02192031021678213,22.892,2
<4 kg/m2,<2 kg/m2,CL,RCP8.5 HadGEM2,abiesach,20.786,22.7285,22.71088888888889,0.664250644903457,24.548,162
<4 kg/m2,<2 kg/m2,CL,RCP8.5 HadGEM2,betuerma,20.504,21.689500000000002,21.949277777777777,1.022492042572549,24.501,18
<4 kg/m2,<2 kg/m2,SL,Current,abiesach,10.811,14.083,14.028566666666666,0.9573631098085754,16.067,180
<4 kg/m2,<2 kg/m2,SL,RCP2.6 MIROC5,abiesach,6.401,10.378,10.153611111111111,1.411731356646703,12.695,180
<4 kg/m2,<2 kg/m2,SL,RCP8.5 CSIRO,abiesach,5.76,10.512,10.225766666666667,2.1240665070230222,14.344,180
<4 kg/m2,<2 kg/m2,SL,RCP8.5 GFDL,abiesach,7.113,10.1475,9.761866666666666,1.3850169085146609,13.62,180
<4 kg/m2,<2 kg/m2,SL,RCP8.5 HadGEM2,abiesach,7.377,11.565,11.493155555555555,1.3861653138580785,14.66,180
<4 kg/m2,<3 kg/m2,CL,Current,abiesach,11.811,12.365,12.333666666666666,0.5077256477009341,12.825,3
<4 kg/m2,<3 kg/m2,CL,Current,betuerma,12.539,12.539,12.539,NA,12.539,1
<4 kg/m2,<3 kg/m2,CL,Current,crypjapo,7.635,9.798,9.797844444444445,0.8851973792597293,11.806,180
<4 kg/m2,<3 kg/m2,CL,Current,sasa_spp,2.574,7.4645,6.51739393939394,1.794533330198543,8.116,66
<4 kg/m2,<3 kg/m2,CL,RCP2.6 MIROC5,crypjapo,4.683,7.473,7.3276875,0.7967046448066469,8.958,240
<4 kg/m2,<3 kg/m2,CL,RCP2.6 MIROC5,sasa_spp,1.816,2.3310000000000004,2.2606,0.26102328546617354,2.687,10
<4 kg/m2,<3 kg/m2,CL,RCP8.5 CSIRO,abiesach,7.732,18.852,18.450142857142858,2.077842141852847,20.606,231
<4 kg/m2,<3 kg/m2,CL,RCP8.5 CSIRO,betuerma,16.357,17.407,17.506315789473685,0.6256969494208995,18.601,19
<4 kg/m2,<3 kg/m2,CL,RCP8.5 GFDL,abiesach,21.075,22.72,22.84206557377049,0.7119779928446398,24.88,61
<4 kg/m2,<3 kg/m2,CL,RCP8.5 GFDL,betuerma,16.547,21.321,21.18071276595745,1.150774462516211,23.753,188
<4 kg/m2,<3 kg/m2,CL,RCP8.5 GFDL,fagucren,16.731,16.731,16.731,NA,16.731,1
<4 kg/m2,<3 kg/m2,CL,RCP8.5 HadGEM2,abiesach,20.223,22.44,22.425285714285714,0.7609348851714578,24.166,217
<4 kg/m2,<3 kg/m2,CL,RCP8.5 HadGEM2,betuerma,15.391,20.828,19.971454545454545,2.2466529423081387,23.211,33
<4 kg/m2,<3 kg/m2,SL,Current,abiesach,12.757,14.8855,14.810375,0.6041547511930377,16.31,240
<4 kg/m2,<3 kg/m2,SL,Current,sasa_spp,2.078,2.9925,2.9724,0.5475779396579085,3.957,10
<4 kg/m2,<3 kg/m2,SL,RCP2.6 MIROC5,abiesach,7.702,11.0235,10.923529166666667,1.303429351541369,14.137,240
<4 kg/m2,<3 kg/m2,SL,RCP2.6 MIROC5,sasa_spp,2.337,2.8705,2.8382,0.3510675148742759,3.533,10
<4 kg/m2,<3 kg/m2,SL,RCP8.5 CSIRO,abiesach,5.85,11.0765,10.710192,1.9644434150311985,14.725,250
<4 kg/m2,<3 kg/m2,SL,RCP8.5 GFDL,abiesach,8.359,10.711500000000001,10.515904166666667,1.2188133621264772,14.823,240
<4 kg/m2,<3 kg/m2,SL,RCP8.5 GFDL,acermono,21.911,21.911,21.911,NA,21.911,1
<4 kg/m2,<3 kg/m2,SL,RCP8.5 GFDL,betuerma,20.836,21.868000000000002,21.69725,0.5985568059925478,22.217,4
<4 kg/m2,<3 kg/m2,SL,RCP8.5 GFDL,fagucren,15.735,16.282,16.3588,0.5195230504992059,16.889,5
<4 kg/m2,<3 kg/m2,SL,RCP8.5 HadGEM2,abiesach,8.159,12.484,12.355629629629629,1.2967163307463365,16.868,243
<4 kg/m2,<3 kg/m2,SL,RCP8.5 HadGEM2,betuerma,15.591,18.396,17.5828,1.4461682820474253,18.824,5
<4 kg/m2,<3 kg/m2,SL,RCP8.5 HadGEM2,fagucren,13.707,14.073,14.073,0.5176021638285523,14.439,2
<4 kg/m2,<5 kg/m2,CL,Current,sasa_spp,1.697,2.334,2.349,0.3574808686189674,2.938,15
<4 kg/m2,<5 kg/m2,CL,RCP2.6 MIROC5,sasa_spp,1.375,2.189,2.1692,0.3009305093016849,2.632,15
<4 kg/m2,<5 kg/m2,CL,RCP8.5 CSIRO,abiesach,6.899,9.736,9.084222222222222,1.6071861107054293,11.035,9
<4 kg/m2,<5 kg/m2,CL,RCP8.5 CSIRO,betuerma,3.727,8.669,7.884166666666666,2.1056185235380758,9.245,6
<4 kg/m2,<5 kg/m2,CL,RCP8.5 GFDL,betuerma,18.932,20.709,20.629533333333335,1.0251998318562558,21.931,15
<4 kg/m2,<5 kg/m2,CL,RCP8.5 HadGEM2,abiesach,18.605,19.748,19.735,1.123556407128721,20.852,3
<4 kg/m2,<5 kg/m2,CL,RCP8.5 HadGEM2,betuerma,15.875,18.293,18.196083333333334,1.0302501424705581,19.673,12
<4 kg/m2,<5 kg/m2,SL,Current,sasa_spp,1.99,3.238,3.5370666666666666,1.0470490141799658,5.342,15
<4 kg/m2,<5 kg/m2,SL,RCP2.6 MIROC5,abiesach,3.317,3.317,3.317,NA,3.317,1
<4 kg/m2,<5 kg/m2,SL,RCP2.6 MIROC5,sasa_spp,2.477,2.968,2.9399285714285712,0.28845915969715163,3.596,14
<4 kg/m2,<5 kg/m2,SL,RCP8.5 CSIRO,abiesach,8.889,11.844,11.4824,1.313128586892497,13.482,15
<4 kg/m2,<5 kg/m2,SL,RCP8.5 GFDL,abiesach,20.359,21.104,21.569666666666667,1.498774944190531,23.246,3
<4 kg/m2,<5 kg/m2,SL,RCP8.5 GFDL,acermono,19.513,20.552,20.552,1.4693678913056454,21.591,2
<4 kg/m2,<5 kg/m2,SL,RCP8.5 GFDL,betuerma,18.775,20.492,20.5355,0.9229752915917571,21.639,10
<4 kg/m2,<5 kg/m2,SL,RCP8.5 HadGEM2,abiesach,16.675,19.132,19.171181818181818,1.844988445393728,21.841,11
<4 kg/m2,<5 kg/m2,SL,RCP8.5 HadGEM2,betuerma,15.649,18.295,17.8375,1.5094772825937688,19.111,4
<6 kg/m2,<5 kg/m2,CL,Current,sasa_spp,2.334,3.023,3.0748,0.31257849299930135,3.576,15
<6 kg/m2,<5 kg/m2,CL,RCP2.6 MIROC5,betuerma,3.11,3.531,3.53775,0.38315390728357024,3.979,4
<6 kg/m2,<5 kg/m2,CL,RCP2.6 MIROC5,crypjapo,3.058,3.151,3.228111111111111,0.23826584125952907,3.766,9
<6 kg/m2,<5 kg/m2,CL,RCP2.6 MIROC5,sasa_spp,2.308,2.589,2.589,0.3973940110268399,2.87,2
<6 kg/m2,<5 kg/m2,CL,RCP8.5 CSIRO,abiesach,5.981,9.46,9.058933333333334,1.1707929221970323,10.5,15
<6 kg/m2,<5 kg/m2,CL,RCP8.5 GFDL,abiesach,19.16,20.570999999999998,20.3825,0.7675710969603327,21.328,10
<6 kg/m2,<5 kg/m2,CL,RCP8.5 GFDL,betuerma,18.813,19.7,19.6066,0.5208779127588352,20.242,5
<6 kg/m2,<5 kg/m2,CL,RCP8.5 HadGEM2,abiesach,19.955,21.026,21.212666666666667,0.7635274030695272,22.398,15
<6 kg/m2,<5 kg/m2,SL,Current,sasa_spp,2.432,3.142,3.1418,0.3728335898417492,3.917,15
<6 kg/m2,<5 kg/m2,SL,RCP2.6 MIROC5,abiesach,2.81,2.81,2.81,NA,2.81,1
<6 kg/m2,<5 kg/m2,SL,RCP2.6 MIROC5,crypjapo,3.422,3.859,3.859,0.6180113267570426,4.296,2
<6 kg/m2,<5 kg/m2,SL,RCP2.6 MIROC5,fagucren,3.04,3.2889999999999997,3.301125,0.18400111606804373,3.562,8
<6 kg/m2,<5 kg/m2,SL,RCP2.6 MIROC5,sasa_spp,2.919,2.9705,2.9715,0.05335728628781636,3.026,4
<6 kg/m2,<5 kg/m2,SL,RCP8.5 CSIRO,abiesach,5.555,9.846,9.411466666666666,1.5585516567206448,11.363,15
<6 kg/m2,<5 kg/m2,SL,RCP8.5 GFDL,abiesach,19.081,20.799500000000002,20.6595,1.3475712720792663,21.958,4
<6 kg/m2,<5 kg/m2,SL,RCP8.5 GFDL,fagucren,18.136,19.756,19.745727272727272,1.0793984520008442,21.422,11
<6 kg/m2,<5 kg/m2,SL,RCP8.5 HadGEM2,abiesach,20.886,21.9345,22.00358333333333,0.8299264434364959,23.596,12
<6 kg/m2,<5 kg/m2,SL,RCP8.5 HadGEM2,betuerma,22.654,22.654,22.654,NA,22.654,1
<6 kg/m2,<5 kg/m2,SL,RCP8.5 HadGEM2,fagucren,19.415,20.198,20.198,1.1073292193381352,20.981,2
<20 kg/m2,<3 kg/m2,CL,Current,sasa_spp,3.458,3.96,4.2093,0.8154963110482678,6.217,10
<20 kg/m2,<3 kg/m2,CL,RCP2.6 MIROC5,crypjapo,4.072,4.072,4.072,NA,4.072,1
<20 kg/m2,<3 kg/m2,CL,RCP2.6 MIROC5,sasa_spp,3.323,3.494,3.5524444444444443,0.23726625924850292,3.979,9
<20 kg/m2,<3 kg/m2,CL,RCP8.5 CSIRO,abiesach,8.736,13.965499999999999,13.2806,1.9203877617698868,14.993,10
<20 kg/m2,<3 kg/m2,CL,RCP8.5 GFDL,abiesach,20.603,21.7775,21.714166666666667,0.8230964504033941,22.914,6
<20 kg/m2,<3 kg/m2,CL,RCP8.5 GFDL,betuerma,18.927,19.930500000000002,19.791,0.6347823774071455,20.376,4
<20 kg/m2,<3 kg/m2,CL,RCP8.5 HadGEM2,abiesach,17.873,21.432499999999997,20.9532,1.7247403540501067,23.057,10
<20 kg/m2,<3 kg/m2,SL,Current,abiesach,6.785,6.9755,6.9755,0.2694076836320748,7.166,2
<20 kg/m2,<3 kg/m2,SL,Current,sasa_spp,4.768,5.7605,5.885,0.8285901968317719,6.889,8
<20 kg/m2,<3 kg/m2,SL,RCP2.6 MIROC5,abiesach,3.833,4.449,4.570857142857143,0.6463604331360403,5.697,7
<20 kg/m2,<3 kg/m2,SL,RCP2.6 MIROC5,sasa_spp,2.974,3.582,3.4926666666666666,0.48027214507332533,3.922,3
<20 kg/m2,<3 kg/m2,SL,RCP8.5 CSIRO,abiesach,11.349,14.7455,14.734,1.4934384635613365,17.388,10
<20 kg/m2,<3 kg/m2,SL,RCP8.5 GFDL,abiesach,20.227,20.7715,20.7715,0.7700392847121493,21.316,2
<20 kg/m2,<3 kg/m2,SL,RCP8.5 GFDL,crypjapo,18.95,18.95,18.95,NA,18.95,1
<20 kg/m2,<3 kg/m2,SL,RCP8.5 GFDL,fagucren,18.292,19.487,19.445999999999998,0.7717426168527077,20.493,7
<20 kg/m2,<3 kg/m2,SL,RCP8.5 HadGEM2,abiesach,18.312,20.585,20.753777777777778,1.6169590886736884,22.915,9
<20 kg/m2,<3 kg/m2,SL,RCP8.5 HadGEM2,fagucren,18.874,18.874,18.874,NA,18.874,1
